LineID,StopID,StopName,EventTime,Headway,VehicleIDs
57,490013774E,Traps Lane,2025-06-28 10:52:26,60,LF24ZKA|LG23EUN
77,490010524S,Battersea Arts Centre,2025-06-28 11:07:21,65,YX18KXE|LF67EXD
77,490004390S,Brocklebank Road,2025-06-28 11:22:21,20,LF67EXD|YX18KXE
255,490016323E,South Lodge Avenue / Yorkshire Road,2025-06-28 11:22:22,84,LY24EKW|LY24FWO
255,490016323E,South Lodge Avenue / Yorkshire Road,2025-06-28 11:22:22,84,LY24EKW|LY24FWO
57,490012269E,Southcroft Road / Mitcham Lane,2025-06-28 11:37:23,66,LF24ZKD|LF24ZGO
57,490006412E2,Eden Street,2025-06-28 12:07:23,30,LG23EUW|LF24ZGK
77,490008969N,Lansdowne Green,2025-06-28 12:22:20,23,YX18KXA|BD65EVU
255,490000012J,Balham Station  / Balham Station Road,2025-06-28 12:22:23,42,LY24FWO|LY24EKW
255,490000012J,Balham Station  / Balham Station Road,2025-06-28 12:22:27,42,LY24FWO|LY24EKW
77,490012954Z,St Thomas' Hospital / Evelina London,2025-06-28 12:37:20,9,YX18KXA|BD65EVU
77,490005332T,Clapham Junction Stn  / the Falcon,2025-06-28 12:52:20,72,YX18KWZ|YX18KWW
255,490000012J,Balham Station  / Balham Station Road,2025-06-28 12:52:21,5,LY24FWP|LY24EKU
255,490016323E,South Lodge Avenue / Yorkshire Road,2025-06-28 12:52:21,64,LY24EKZ|LY24EKV
255,490016323E,South Lodge Avenue / Yorkshire Road,2025-06-28 12:52:21,64,LY24EKZ|LY24EKV
255,490000012J,Balham Station  / Balham Station Road,2025-06-28 12:52:22,5,LY24FWP|LY24EKU
77,490004133W,Bolingbroke Grove,2025-06-28 13:07:20,24,YX18KWW|YX18KWZ
77,490000234E,Mitcham Road / Tooting Broadway Stn,2025-06-28 13:22:24,81,YX18KWW|YX18KWZ
255,490000012J,Balham Station  / Balham Station Road,2025-06-28 13:22:24,10,LY24FWR|LY24ELC
255,490000012J,Balham Station  / Balham Station Road,2025-06-28 13:22:25,10,LY24FWR|LY24ELC
57,490005830E,Crowborough Road,2025-06-28 13:22:26,60,LG23EUW|LF24ZGK
255,490000012J,Balham Station  / Balham Station Road,2025-06-28 13:37:24,29,LY24EKV|LY24EKZ
255,490016323E,South Lodge Avenue / Yorkshire Road,2025-06-28 13:37:24,3,LY24FWP|LY24EKX
255,490016323E,South Lodge Avenue / Yorkshire Road,2025-06-28 13:37:24,3,LY24FWP|LY24EKX
255,490000012J,Balham Station  / Balham Station Road,2025-06-28 13:37:25,29,LY24EKV|LY24EKZ
57,490000055D,Colliers Wood Station,2025-06-28 13:37:25,26,LF24ZKK|LF24ZGT
57,490010078K,Mount Ephraim Road,2025-06-28 13:37:25,53,LG23EUW|LF24ZGK
57,490013709S,Tooting / the Mitre,2025-06-28 13:37:26,62,LG23EUY|LG23EUP
77,490008916E,Lambeth Bridge,2025-06-28 13:52:21,88,YX18KXU|YX18KXV
255,490016323E,South Lodge Avenue / Yorkshire Road,2025-06-28 13:52:23,73,LY24FWP|LY24EKU
255,490016323E,South Lodge Avenue / Yorkshire Road,2025-06-28 13:52:23,73,LY24FWP|LY24EKU
57,490010243E,Atkins Road / New Park Road,2025-06-28 13:52:24,18,LF24ZGK|LF24ZGG
255,490000012J,Balham Station  / Balham Station Road,2025-06-28 14:07:23,57,LY24EKW|LY24FWO
255,490016323E,South Lodge Avenue / Yorkshire Road,2025-06-28 14:07:23,75,LY24FWR|LY24ELC
255,490016323E,South Lodge Avenue / Yorkshire Road,2025-06-28 14:07:24,75,LY24FWR|LY24ELC
255,490000012J,Balham Station  / Balham Station Road,2025-06-28 14:07:25,57,LY24EKW|LY24FWO
57,490005931S,Dahomey Road,2025-06-28 14:07:26,16,LF24ZGK|LG23EUW
255,490016323E,South Lodge Avenue / Yorkshire Road,2025-06-28 14:22:21,55,LY24EKZ|LY24FWR
255,490016323E,South Lodge Avenue / Yorkshire Road,2025-06-28 14:22:22,55,LY24EKZ|LY24FWR
77,490008978N1,Larkhall Park,2025-06-28 14:37:19,63,YX18KXL|YX18KWZ
77,490001296N,Mitcham Road / Tooting Station,2025-06-28 14:52:18,41,YX18KXJ|YX18KXB
77,490008916E,Lambeth Bridge,2025-06-28 14:52:21,16,YX18KXL|YX18KWZ
77,490012574S,St Ann's Hill,2025-06-28 14:52:22,39,YX18KXB|YY66OYG
77,490012997S,Summerstown,2025-06-28 14:52:22,82,YX18KPF|YY66OYG
77,490003295U,Amen Corner,2025-06-28 14:52:23,14,YX18KPF|YX18KXB
255,490000012J,Balham Station  / Balham Station Road,2025-06-28 14:52:23,60,LY24ELC|LY24EKU
255,490000012J,Balham Station  / Balham Station Road,2025-06-28 14:52:24,60,LY24ELC|LY24EKU
57,490015315NK,Kingston Hospital,2025-06-28 14:52:24,46,LF24ZKA|LG23EUN
77,490012574S,St Ann's Hill,2025-06-28 15:07:22,46,YX18KXU|YX18KXB
255,490000012J,Balham Station  / Balham Station Road,2025-06-28 15:07:23,71,LY24FWR|LY24ELC
255,490000012J,Balham Station  / Balham Station Road,2025-06-28 15:07:24,71,LY24FWR|LY24ELC
57,490006987N,Francis Grove,2025-06-28 15:07:25,3,LF24ZKA|LF24ZGO
57,490000216D,South Wimbledon Station,2025-06-28 15:07:26,76,LF24ZKA|LG23EUN
77,490012920W,Streatham Cemetery,2025-06-28 15:22:19,27,YX18KXU|YX18KXB
57,490000234C,Mitcham Road / Tooting Broadway Stn,2025-06-28 15:22:26,76,LG23EUN|LF24ZKA
77,490014127S2,Waldron Road,2025-06-28 15:37:21,49,YX18KXF|YX18KXC
57,490010468H8,Nutwell Street,2025-06-28 15:37:24,21,LF24ZKA|LF24ZGT
57,490006319E,Eastbourne Road,2025-06-28 15:37:24,7,LG23EUN|LF24ZGT
77,490004390S,Brocklebank Road,2025-06-28 15:52:21,55,YX18KXP|YX18KXL
255,490000012J,Balham Station  / Balham Station Road,2025-06-28 15:52:22,77,LY24FWO|LY24EKW
255,490000012J,Balham Station  / Balham Station Road,2025-06-28 15:52:25,77,LY24FWO|LY24EKW
57,490010295E,Norbiton Church,2025-06-28 15:52:25,16,LG23EUW|LF24ZGK
57,490000234C,Mitcham Road / Tooting Broadway Stn,2025-06-28 15:52:26,82,LG23EUN|LF24ZGE
57,490005931N,Dahomey Road,2025-06-28 15:52:26,38,LF24ZKA|LF24ZGT
77,490008969N,Lansdowne Green,2025-06-28 16:07:21,66,YX18KPF|YY66OYG
77,490000234E,Mitcham Road / Tooting Broadway Stn,2025-06-28 16:07:23,35,YX18KXP|YX18KXL
77,490000234E,Mitcham Road / Tooting Broadway Stn,2025-06-28 16:07:23,83,YX18KWZ|YX18KWW
255,490020150W,Belthorn Crescent,2025-06-28 16:07:23,6,LY24EKZ|LY24EKV
57,490005566N,Conyers Road,2025-06-28 16:07:27,66,LF24ZGE|LG23EUN
57,490009830G,Merton Abbey,2025-06-28 16:07:28,18,BD65EVN|BG59FXE
77,490009008K,Lavender Hill Police Station,2025-06-28 16:22:19,62,YX18KXU|YX18KXV
255,490016323E,South Lodge Avenue / Yorkshire Road,2025-06-28 16:22:20,60,LY24EKZ|LY24EKV
255,490016323E,South Lodge Avenue / Yorkshire Road,2025-06-28 16:22:20,60,LY24EKZ|LY24EKV
255,490016323E,South Lodge Avenue / Yorkshire Road,2025-06-28 16:37:24,59,LY24FWO|LY24EKV
255,490016323E,South Lodge Avenue / Yorkshire Road,2025-06-28 16:37:26,59,LY24FWO|LY24EKV
57,490005931N,Dahomey Road,2025-06-28 16:37:31,54,LF24ZGV|LF24ZGG
77,490007998S,Heathfield Road,2025-06-28 17:22:22,68,YX18KXJ|YX18KPF
255,490016323E,South Lodge Avenue / Yorkshire Road,2025-06-28 17:22:24,39,LY24FWP|LY24EKU
255,490016323E,South Lodge Avenue / Yorkshire Road,2025-06-28 17:22:24,39,LY24FWP|LY24EKU
77,490001088B,Penwith Road,2025-06-28 17:37:20,78,YX18KXJ|YX18KPF
255,490016323E,South Lodge Avenue / Yorkshire Road,2025-06-28 17:37:23,30,LY24EKU|LY24ELC
255,490016323E,South Lodge Avenue / Yorkshire Road,2025-06-28 17:37:24,30,LY24EKU|LY24ELC
77,490008978N2,Larkhall Park,2025-06-28 17:52:19,30,YX18KXP|YX18KXL
77,490000234M,Tooting Broadway Station,2025-06-28 17:52:21,11,YX18KXJ|YX18KPF
255,490000012J,Balham Station  / Balham Station Road,2025-06-28 17:52:23,57,LY24EKW|LY24EKX
255,490000012J,Balham Station  / Balham Station Road,2025-06-28 17:52:24,57,LY24EKW|LY24EKX
255,490016323E,South Lodge Avenue / Yorkshire Road,2025-06-28 18:07:21,86,LY24EKZ|LY24EKV
255,490016323E,South Lodge Avenue / Yorkshire Road,2025-06-28 18:07:21,86,LY24EKZ|LY24EKV
77,490004133E,Bolingbroke Grove,2025-06-28 18:37:18,73,YX18KXJ|YX18KPF
255,490016323E,South Lodge Avenue / Yorkshire Road,2025-06-28 18:37:20,75,LY24EKW|LY24FWO
255,490016323E,South Lodge Avenue / Yorkshire Road,2025-06-28 18:37:20,75,LY24EKW|LY24FWO
57,490014742X,Wimbledon Theatre,2025-06-28 18:52:23,64,LF24ZKA|LG23EUY
77,490014679N,Nine Elms Station,2025-06-28 19:07:20,16,YX18KXJ|YX18KPF
57,490000234C,Mitcham Road / Tooting Broadway Stn,2025-06-28 19:52:23,75,LF24ZGV|LF24ZGG
77,490013709R,Tooting / the Mitre,2025-06-28 20:07:19,1,YX18KXE|BD65EWX
57,490012761SV,Streatham / St Leonard's Church,2025-06-28 20:07:22,89,LF24ZGV|LF24ZGG
77,490014769S2,Windmill Road,2025-06-28 20:22:19,79,YX18KXJ|YX18KPF
255,490020149F,Burnbury Road,2025-06-28 20:37:19,22,LY24EKZ|LY24EKV
255,490000012J,Balham Station  / Balham Station Road,2025-06-28 20:52:19,64,LY24EKZ|LY24EKV
255,490000012J,Balham Station  / Balham Station Road,2025-06-28 20:52:19,64,LY24EKZ|LY24EKV
77,490005678N,Covent Garden Market East Side,2025-06-28 21:37:19,13,YX18KXJ|YX18KPF
77,490000247G1,Vauxhall Bus Station,2025-06-28 22:52:18,72,YX18KXC|YX18KPG
57,490010295E,Norbiton Church,2025-06-28 22:52:19,43,BT65JGV|LX11FHY
77,490005332T,Clapham Junction Stn  / the Falcon,2025-06-28 23:07:18,41,YX18KXC|YX18KPG
77,490008502S,Isis Street,2025-06-28 23:22:20,57,YX18KXC|YX18KPG
77,490009007W,Lavender Hill Police Station,2025-06-28 23:52:18,85,YX18KXA|YX18KXW
57,490011457E,Raynes Park Methodist Church,2025-06-28 23:52:20,60,BV10WVF|LG23EUY
77,490013681S,Tipthorpe Road,2025-06-29 00:07:17,11,YX18KXW|YX18KXA
57,490011351NL,Queens Road / Kingston Hospital,2025-06-29 00:07:22,89,BG59FXF|BD65EVN
77,490003295U,Amen Corner,2025-06-29 00:22:18,53,YX18KXW|YX18KXA
57,490008282W,Holland Avenue,2025-06-29 00:22:22,73,BG59FXF|BD65EVN
77,490014020S,Vauxhall Cross,2025-06-29 00:52:17,51,YX18KXC|YX18KPG
77,490009007W,Lavender Hill Police Station,2025-06-29 01:07:17,57,YX18KXC|YX18KPG
255,490016323E,South Lodge Avenue / Yorkshire Road,2025-06-29 05:52:16,35,LY24FWS|LY24EKW
255,490016323E,South Lodge Avenue / Yorkshire Road,2025-06-29 05:52:16,35,LY24FWS|LY24EKW
255,490016323E,South Lodge Avenue / Yorkshire Road,2025-06-29 06:07:16,45,LY24EKW|LY24FWR
255,490016323E,South Lodge Avenue / Yorkshire Road,2025-06-29 06:07:16,45,LY24EKW|LY24FWR
255,490016323E,South Lodge Avenue / Yorkshire Road,2025-06-29 06:22:16,25,LY24FWR|LY24EKU
255,490016323E,South Lodge Avenue / Yorkshire Road,2025-06-29 06:22:16,25,LY24FWR|LY24EKU
57,490011351NM,Queens Road / Kingston Hospital,2025-06-29 09:52:17,87,LF24ZGR|LF24ZGS
255,490000012J,Balham Station  / Balham Station Road,2025-06-29 10:22:15,51,LY24ELC|LY24FWR
255,490000012J,Balham Station  / Balham Station Road,2025-06-29 10:22:16,51,LY24ELC|LY24FWR
255,490000012J,Balham Station  / Balham Station Road,2025-06-29 10:37:15,79,LY24FWR|LY24FWP
255,490000012J,Balham Station  / Balham Station Road,2025-06-29 10:37:16,79,LY24FWR|LY24FWP
57,490015315NK,Kingston Hospital,2025-06-29 10:37:16,52,LF24ZGO|LG23EVD
57,490005566N,Conyers Road,2025-06-29 10:37:17,61,LF24ZGS|LF24ZGR
77,490011360N,Cedars Road,2025-08-11 08:04:24,79,YX18KWZ|YX18KXM
77,490009007W,Lavender Hill Police Station,2025-08-11 08:04:24,80,YX18KXP|YX18KXN
77,490011858N,Salamanca Street,2025-08-11 08:09:28,81,YX18KXF|YX18KXG
77,490014679N,Nine Elms Station,2025-08-11 08:09:28,80,YX18KWZ|YX18KXM
77,490007998S,Heathfield Road,2025-08-11 08:09:29,58,YX18KXP|YX18KXN
77,490007998S,Heathfield Road,2025-08-11 08:14:30,60,YX18KXP|YX18KXN
77,490008430E,Wimbledon Road,2025-08-11 08:19:29,61,YX18KXN|YX18KXP
77,490005678N,Covent Garden Market East Side,2025-08-11 08:39:28,42,YX18KXM|YX18KXB
77,490008917N,Lambeth Palace,2025-08-11 08:44:27,60,YX18KXB|YX18KXM
77,490000247J,Vauxhall Bus Station,2025-08-11 08:49:30,0,YX18KXE|YX18KXM
77,490005646G,County Hall,2025-08-11 08:49:30,82,YX18KWZ|YX18KXG
77,490008917S,Lambeth Palace,2025-08-11 08:54:29,16,YX18KWZ|YX18KXG
255,490016323E,South Lodge Avenue / Yorkshire Road,2025-08-11 09:14:30,18,LY24EKX|LY24EKV
255,490016323E,South Lodge Avenue / Yorkshire Road,2025-08-11 09:14:30,18,LY24EKX|LY24EKV
255,490016323E,South Lodge Avenue / Yorkshire Road,2025-08-11 09:19:30,18,LY24EKX|LY24EKV
255,490016323E,South Lodge Avenue / Yorkshire Road,2025-08-11 09:19:30,18,LY24EKX|LY24EKV
77,490014020S,Vauxhall Cross,2025-08-11 09:24:28,84,YX18KXM|YX18KXB
255,490000012J,Balham Station  / Balham Station Road,2025-08-11 09:29:30,31,LY24EKW|LY24ELC
255,490000012J,Balham Station  / Balham Station Road,2025-08-11 09:29:31,31,LY24EKW|LY24ELC
57,490013664C1,Tiffin School / London Road,2025-08-11 09:34:25,85,LG23EUX|LF24ZGK
77,490014020P,Vauxhall Cross,2025-08-11 09:34:28,32,YX18KXC|YX18KWW
77,490011192N,Tinworth Street,2025-08-11 09:39:28,71,YX18KWW|YX18KXC
255,490016323E,South Lodge Avenue / Yorkshire Road,2025-08-11 09:54:30,60,LY24FWS|LY24EKX
255,490016323E,South Lodge Avenue / Yorkshire Road,2025-08-11 09:54:30,60,LY24FWS|LY24EKX
77,490012920E,Streatham Cemetery,2025-08-11 10:04:29,86,YX18KXM|YX18KXB
77,490006306D,Earlsfield Station,2025-08-11 10:09:29,17,YX18KXM|YX18KXB
77,490012997S,Summerstown,2025-08-11 10:14:29,30,YX18KXM|YX18KXB
255,490016323E,South Lodge Avenue / Yorkshire Road,2025-08-11 10:14:30,16,LY24FWP|LY24EKT
255,490016323E,South Lodge Avenue / Yorkshire Road,2025-08-11 10:14:30,16,LY24FWP|LY24EKT
77,490000234E,Mitcham Road / Tooting Broadway Stn,2025-08-11 10:19:27,32,YX18KXB|YX18KXM
255,490016323E,South Lodge Avenue / Yorkshire Road,2025-08-11 10:19:28,16,LY24FWP|LY24EKT
255,490016323E,South Lodge Avenue / Yorkshire Road,2025-08-11 10:19:28,16,LY24FWP|LY24EKT
77,490003295U,Amen Corner,2025-08-11 10:24:28,38,YX18KXM|YX18KXB
255,490016323E,South Lodge Avenue / Yorkshire Road,2025-08-11 10:54:31,16,LY24EKX|LY24EKZ
255,490016323E,South Lodge Avenue / Yorkshire Road,2025-08-11 10:54:31,16,LY24EKX|LY24EKZ
77,490005646G,County Hall,2025-08-11 11:29:29,2,YX18KXF|YX18KWZ
255,490016323E,South Lodge Avenue / Yorkshire Road,2025-08-11 11:29:30,22,LY24EKW|LY24ELC
255,490016323E,South Lodge Avenue / Yorkshire Road,2025-08-11 11:29:30,22,LY24EKW|LY24ELC
255,490016323E,South Lodge Avenue / Yorkshire Road,2025-08-11 11:34:29,22,LY24EKW|LY24ELC
255,490016323E,South Lodge Avenue / Yorkshire Road,2025-08-11 11:34:29,22,LY24EKW|LY24ELC
77,490012954B,St Thomas' Hospital,2025-08-11 11:39:28,25,YX18KWZ|YX18KXG
77,490013681S,Tipthorpe Road,2025-08-11 11:44:29,83,YX18KXG|YX18KWZ
255,490000012J,Balham Station  / Balham Station Road,2025-08-11 12:04:30,70,LY24FWS|LY24FWO
255,490000012J,Balham Station  / Balham Station Road,2025-08-11 12:04:31,70,LY24FWS|LY24FWO
77,490013681S,Tipthorpe Road,2025-08-11 12:09:27,88,YX18KXG|YX18KWZ
255,490000012J,Balham Station  / Balham Station Road,2025-08-11 12:09:27,70,LY24FWS|LY24FWO
255,490016323E,South Lodge Avenue / Yorkshire Road,2025-08-11 12:09:28,52,LY24EKU|LY24FWP
255,490016323E,South Lodge Avenue / Yorkshire Road,2025-08-11 12:09:28,52,LY24EKU|LY24FWP
255,490000012J,Balham Station  / Balham Station Road,2025-08-11 12:09:28,70,LY24FWS|LY24FWO
255,490015219N,New Park Road,2025-08-11 12:19:30,89,LY24FWS|LY24FWO
77,490014020P,Vauxhall Cross,2025-08-11 12:24:27,31,YX18KXC|YX18KWW
77,490001088B,Penwith Road,2025-08-11 12:24:29,72,YX18KXG|YX18KWZ
255,490015219N,New Park Road,2025-08-11 12:24:31,81,LY24FWS|LY24FWO
77,490008917N,Lambeth Palace,2025-08-11 12:29:29,42,YX18KXC|YX18KWW
255,490000012J,Balham Station  / Balham Station Road,2025-08-11 12:34:28,76,LY24FWS|LY24FWO
255,490000012J,Balham Station  / Balham Station Road,2025-08-11 12:34:29,76,LY24FWS|LY24FWO
255,490000012J,Balham Station  / Balham Station Road,2025-08-11 12:39:29,16,LY24EKW|LY24EKT
255,490000012J,Balham Station  / Balham Station Road,2025-08-11 12:39:31,16,LY24EKW|LY24EKT
255,490000012J,Balham Station  / Balham Station Road,2025-08-11 12:44:28,16,LY24EKW|LY24EKT
255,490000012J,Balham Station  / Balham Station Road,2025-08-11 12:44:30,16,LY24EKW|LY24EKT
255,490000012J,Balham Station  / Balham Station Road,2025-08-11 12:49:28,61,LY24FWP|LY24EKT
255,490000012J,Balham Station  / Balham Station Road,2025-08-11 12:49:30,61,LY24FWP|LY24EKT
255,490000012J,Balham Station  / Balham Station Road,2025-08-11 12:54:28,61,LY24FWP|LY24EKT
255,490000012J,Balham Station  / Balham Station Road,2025-08-11 12:54:29,61,LY24FWP|LY24EKT
77,490012954C,St Thomas' Hospital / A & E Department,2025-08-11 12:59:28,62,YX18KXP|YX18KXJ
77,490012574S,St Ann's Hill,2025-08-11 12:59:28,75,YX18KXB|YX18KXE
77,490008430E,Wimbledon Road,2025-08-11 13:04:28,70,YX18KXB|YX18KXE
255,490000012J,Balham Station  / Balham Station Road,2025-08-11 13:04:28,29,LY24FWP|LY24EKU
255,490000012J,Balham Station  / Balham Station Road,2025-08-11 13:04:29,29,LY24FWP|LY24EKU
77,490013709R,Tooting / the Mitre,2025-08-11 13:09:29,44,YX18KXB|YX18KXE
255,490000012J,Balham Station  / Balham Station Road,2025-08-11 13:09:29,29,LY24FWP|LY24EKU
255,490000012J,Balham Station  / Balham Station Road,2025-08-11 13:09:30,29,LY24FWP|LY24EKU
255,490000012J,Balham Station  / Balham Station Road,2025-08-11 13:14:28,28,LY24EKZ|LY24EKU
255,490000012J,Balham Station  / Balham Station Road,2025-08-11 13:14:29,28,LY24EKZ|LY24EKU
77,490013709R,Tooting / the Mitre,2025-08-11 13:19:29,66,YX18KXB|YX18KXE
255,490000012J,Balham Station  / Balham Station Road,2025-08-11 13:19:29,28,LY24EKZ|LY24EKU
255,490000012J,Balham Station  / Balham Station Road,2025-08-11 13:19:30,28,LY24EKZ|LY24EKU
255,490000012J,Balham Station  / Balham Station Road,2025-08-11 13:24:29,49,LY24EKX|LY24EKZ
255,490000012J,Balham Station  / Balham Station Road,2025-08-11 13:24:30,49,LY24EKX|LY24EKZ
255,490016323E,South Lodge Avenue / Yorkshire Road,2025-08-11 13:39:31,51,LY24EKW|LY24ELC
255,490000012J,Balham Station  / Balham Station Road,2025-08-11 13:39:32,6,LY24FWS|LY24EKX
255,490016323E,South Lodge Avenue / Yorkshire Road,2025-08-11 13:39:32,51,LY24EKW|LY24ELC
255,490000012J,Balham Station  / Balham Station Road,2025-08-11 13:39:32,6,LY24FWS|LY24EKX
255,490016323E,South Lodge Avenue / Yorkshire Road,2025-08-11 13:44:29,11,LY24EKW|LY24ELC
255,490016323E,South Lodge Avenue / Yorkshire Road,2025-08-11 13:44:29,11,LY24EKW|LY24ELC
77,490001296S,Tooting Station,2025-08-11 13:54:29,89,YX18KXC|YX18KWW
255,490000012J,Balham Station  / Balham Station Road,2025-08-11 14:04:28,85,LY24FWS|LY24FWO
255,490000012J,Balham Station  / Balham Station Road,2025-08-11 14:04:30,85,LY24FWS|LY24FWO
255,490000012J,Balham Station  / Balham Station Road,2025-08-11 14:14:29,48,LY24EKW|LY24ELC
255,490000012J,Balham Station  / Balham Station Road,2025-08-11 14:14:30,48,LY24EKW|LY24ELC
255,490000012J,Balham Station  / Balham Station Road,2025-08-11 14:19:29,48,LY24EKW|LY24ELC
255,490016323E,South Lodge Avenue / Yorkshire Road,2025-08-11 14:19:30,18,LY24EKZ|LY24EKX
255,490016323E,South Lodge Avenue / Yorkshire Road,2025-08-11 14:19:31,18,LY24EKZ|LY24EKX
255,490000012J,Balham Station  / Balham Station Road,2025-08-11 14:19:32,48,LY24EKW|LY24ELC
255,490016323E,South Lodge Avenue / Yorkshire Road,2025-08-11 14:29:28,18,LY24EKX|LY24FWS
255,490016323E,South Lodge Avenue / Yorkshire Road,2025-08-11 14:29:28,18,LY24EKX|LY24FWS
255,490000012J,Balham Station  / Balham Station Road,2025-08-11 14:34:28,79,LY24ELC|LY24EKW
255,490000012J,Balham Station  / Balham Station Road,2025-08-11 14:34:28,16,LY24FWP|LY24EKT
255,490016323E,South Lodge Avenue / Yorkshire Road,2025-08-11 14:34:28,33,LY24EKZ|LY24EKU
255,490016323E,South Lodge Avenue / Yorkshire Road,2025-08-11 14:34:29,33,LY24EKZ|LY24EKU
255,490000012J,Balham Station  / Balham Station Road,2025-08-11 14:34:29,79,LY24ELC|LY24EKW
255,490000012J,Balham Station  / Balham Station Road,2025-08-11 14:34:29,16,LY24FWP|LY24EKT
255,490000012J,Balham Station  / Balham Station Road,2025-08-11 14:39:28,79,LY24ELC|LY24EKW
255,490000012J,Balham Station  / Balham Station Road,2025-08-11 14:39:28,16,LY24FWP|LY24EKT
255,490000012J,Balham Station  / Balham Station Road,2025-08-11 14:39:29,79,LY24ELC|LY24EKW
255,490000012J,Balham Station  / Balham Station Road,2025-08-11 14:39:29,16,LY24FWP|LY24EKT
255,490000012J,Balham Station  / Balham Station Road,2025-08-11 14:44:29,16,LY24FWP|LY24EKT
255,490016323E,South Lodge Avenue / Yorkshire Road,2025-08-11 14:44:30,70,LY24FWO|LY24FWS
255,490016323E,South Lodge Avenue / Yorkshire Road,2025-08-11 14:44:30,70,LY24FWO|LY24FWS
255,490000012J,Balham Station  / Balham Station Road,2025-08-11 14:44:31,16,LY24FWP|LY24EKT
77,490000234M,Tooting Broadway Station,2025-08-11 15:19:28,81,YX18KXF|YX18KXG
255,490016323E,South Lodge Avenue / Yorkshire Road,2025-08-11 15:19:29,65,LY24FWO|LY24ELC
255,490016323E,South Lodge Avenue / Yorkshire Road,2025-08-11 15:19:29,65,LY24FWO|LY24ELC
255,490016323E,South Lodge Avenue / Yorkshire Road,2025-08-11 15:29:28,15,LY24EKT|LY24FWP
255,490016323E,South Lodge Avenue / Yorkshire Road,2025-08-11 15:29:28,15,LY24EKT|LY24FWP
255,490016323E,South Lodge Avenue / Yorkshire Road,2025-08-11 15:34:31,15,LY24EKT|LY24FWP
255,490016323E,South Lodge Avenue / Yorkshire Road,2025-08-11 15:34:31,15,LY24EKT|LY24FWP
77,490005678N,Covent Garden Market East Side,2025-08-11 15:44:27,69,YX18KXJ|YX13BKN
255,490016323E,South Lodge Avenue / Yorkshire Road,2025-08-11 15:44:29,14,LY24EKW|LY24EKT
255,490016323E,South Lodge Avenue / Yorkshire Road,2025-08-11 15:44:29,14,LY24EKW|LY24EKT
77,490014020P,Vauxhall Cross,2025-08-11 15:49:27,16,YX18KXJ|YX13BKN
77,490012954C,St Thomas' Hospital / A & E Department,2025-08-11 15:59:29,17,YX18KXJ|YX13BKN
57,490014149N,Walpole Road,2025-08-11 16:09:24,68,LG23EUY|LF24ZKK
57,490000234C,Mitcham Road / Tooting Broadway Stn,2025-08-11 16:14:24,39,LF24ZKK|LG23EUY
57,490006319E,Eastbourne Road,2025-08-11 16:19:24,46,LF24ZKK|LG23EUY
255,490000012J,Balham Station  / Balham Station Road,2025-08-11 16:19:30,33,LY24EKT|LY24FWP
255,490016323E,South Lodge Avenue / Yorkshire Road,2025-08-11 16:19:30,22,LY24FWS|LY24EKX
255,490016323E,South Lodge Avenue / Yorkshire Road,2025-08-11 16:19:30,22,LY24FWS|LY24EKX
255,490000012J,Balham Station  / Balham Station Road,2025-08-11 16:19:31,33,LY24EKT|LY24FWP
57,490005566N,Conyers Road,2025-08-11 16:24:24,7,LF24ZKK|LG23EUY
255,490000012J,Balham Station  / Balham Station Road,2025-08-11 16:24:28,33,LY24EKT|LY24FWP
255,490016323E,South Lodge Avenue / Yorkshire Road,2025-08-11 16:24:29,22,LY24FWS|LY24EKX
255,490016323E,South Lodge Avenue / Yorkshire Road,2025-08-11 16:24:29,22,LY24FWS|LY24EKX
255,490000012J,Balham Station  / Balham Station Road,2025-08-11 16:24:29,33,LY24EKT|LY24FWP
57,490005566N,Conyers Road,2025-08-11 16:29:24,57,LF24ZKK|LG23EUY
77,490007998N,Heathfield Road,2025-08-11 16:29:26,34,YX18KXM|YX18KXB
77,490012954Z,St Thomas' Hospital / Evelina London,2025-08-11 16:29:26,56,YX18KXK|YX18KXL
255,490000012J,Balham Station  / Balham Station Road,2025-08-11 16:29:28,66,LY24EKW|LY24EKT
255,490016323E,South Lodge Avenue / Yorkshire Road,2025-08-11 16:29:28,18,LY24FWO|LY24FWS
255,490016323E,South Lodge Avenue / Yorkshire Road,2025-08-11 16:29:29,18,LY24FWO|LY24FWS
255,490000012J,Balham Station  / Balham Station Road,2025-08-11 16:29:30,66,LY24EKW|LY24EKT
255,490016323E,South Lodge Avenue / Yorkshire Road,2025-08-11 16:34:29,18,LY24FWO|LY24FWS
255,490016323E,South Lodge Avenue / Yorkshire Road,2025-08-11 16:34:30,18,LY24FWO|LY24FWS
57,490010078K,Mount Ephraim Road,2025-08-11 16:39:27,1,LF24ZKK|LG23EUY
77,490013681E,Tipthorpe Road,2025-08-11 16:59:26,78,YX18KXM|YX18KXB
77,490006306D,Earlsfield Station,2025-08-11 17:19:43,76,YX18KXJ|YX13BKN
255,490016323E,South Lodge Avenue / Yorkshire Road,2025-08-11 17:19:46,14,LY24FWP|LY24EKT
255,490016323E,South Lodge Avenue / Yorkshire Road,2025-08-11 17:19:46,14,LY24FWP|LY24EKT
77,490012920E,Streatham Cemetery,2025-08-11 17:24:27,53,YX18KXJ|YX13BKN
255,490016323E,South Lodge Avenue / Yorkshire Road,2025-08-11 17:24:28,14,LY24FWP|LY24EKT
255,490016323E,South Lodge Avenue / Yorkshire Road,2025-08-11 17:24:28,14,LY24FWP|LY24EKT
77,490000234M,Tooting Broadway Station,2025-08-11 17:29:30,41,YX18KXJ|YX13BKN
77,490001296S,Tooting Station,2025-08-11 17:34:34,38,YX13BKN|YX18KXJ
255,490000012J,Balham Station  / Balham Station Road,2025-08-11 17:34:35,63,LY24FWO|LY24ELC
255,490000012J,Balham Station  / Balham Station Road,2025-08-11 17:34:39,63,LY24FWO|LY24ELC
255,490000012J,Balham Station  / Balham Station Road,2025-08-11 17:39:28,63,LY24FWO|LY24ELC
255,490000012J,Balham Station  / Balham Station Road,2025-08-11 17:39:29,63,LY24FWO|LY24ELC
255,490000012J,Balham Station  / Balham Station Road,2025-08-11 17:49:29,10,LY24EKW|LY24ELC
255,490000012J,Balham Station  / Balham Station Road,2025-08-11 17:49:30,10,LY24EKW|LY24ELC
77,490000234H,Tooting Broadway Station,2025-08-11 17:54:27,6,YX18KXJ|YX13BKN
255,490000012J,Balham Station  / Balham Station Road,2025-08-11 17:54:30,10,LY24EKW|LY24ELC
255,490000012J,Balham Station  / Balham Station Road,2025-08-11 17:54:31,10,LY24EKW|LY24ELC
77,490008430W,Huntspill Street,2025-08-11 17:59:27,54,YX13BKN|YX18KXJ
77,490005333V,Clapham Junction / the Northcote,2025-08-11 17:59:27,71,YX18KXN|YX18KXP
77,490004390N,Brocklebank Road,2025-08-11 18:09:26,51,YX18KXJ|YX18KXS
255,490016323E,South Lodge Avenue / Yorkshire Road,2025-08-11 18:09:29,52,LY24EKU|LY24EKZ
255,490016323E,South Lodge Avenue / Yorkshire Road,2025-08-11 18:09:29,52,LY24EKU|LY24EKZ
77,490000234N,Garratt Lane / Tooting Broadway,2025-08-11 18:14:28,7,YX18KXJ|YX18KXS
77,490004621N,Burntwood Lane,2025-08-11 18:19:30,62,YX18KXJ|YY66OYG
77,490005333V,Clapham Junction / the Northcote,2025-08-11 18:19:31,24,YX18KXS|YX18KXJ
77,490000234N,Garratt Lane / Tooting Broadway,2025-08-11 18:24:25,1,YY66OYG|YX18KXJ
77,490012379N,Spencer Park,2025-08-11 18:24:25,77,YX18KXS|YY66OYG
77,490006306C,Earlsfield Station,2025-08-11 18:29:25,73,YX18KXJ|YX18KXL
77,490013681E,Tipthorpe Road,2025-08-11 18:29:26,85,YX18KXJ|YY66OYG
77,490006718H2,Fairlight Road,2025-08-11 18:34:26,58,YX18KXL|YX18KXJ
77,490014127S1,Waldron Road,2025-08-11 18:39:25,81,YX18KXJ|YX18KXK
77,490000234N,Garratt Lane / Tooting Broadway,2025-08-11 18:44:25,1,YX18KXK|YX18KXJ
77,490001088A,Penwith Road,2025-08-11 18:49:25,74,YX18KXK|YX18KXJ
255,490016323E,South Lodge Avenue / Yorkshire Road,2025-08-11 18:49:27,35,LY24ELC|LY24EKW
255,490016323E,South Lodge Avenue / Yorkshire Road,2025-08-11 18:49:28,35,LY24ELC|LY24EKW
77,490006718H2,Fairlight Road,2025-08-11 18:54:25,34,YX18KXJ|YX18KXF
255,490016323E,South Lodge Avenue / Yorkshire Road,2025-08-11 18:54:28,35,LY24ELC|LY24EKW
255,490016323E,South Lodge Avenue / Yorkshire Road,2025-08-11 18:54:28,35,LY24ELC|LY24EKW
77,490006306C,Earlsfield Station,2025-08-11 18:59:25,60,YX18KXF|YX18KXJ
57,490010295E,Norbiton Church,2025-08-11 19:14:22,58,LJ61NWR|LG23EUY
77,490000247J,Vauxhall Bus Station,2025-08-11 19:24:27,76,YX18KXL|YX18KXK
77,490005678N,Covent Garden Market East Side,2025-08-11 19:29:26,58,YX18KXK|YX18KXL
77,490014679N,Nine Elms Station,2025-08-11 19:34:25,69,YX18KXF|YX18KXL
255,490016323E,South Lodge Avenue / Yorkshire Road,2025-08-11 19:34:26,52,LY24EKZ|LY24EKX
255,490016323E,South Lodge Avenue / Yorkshire Road,2025-08-11 19:34:26,52,LY24EKZ|LY24EKX
255,490016323E,South Lodge Avenue / Yorkshire Road,2025-08-11 19:39:27,52,LY24EKZ|LY24EKX
255,490016323E,South Lodge Avenue / Yorkshire Road,2025-08-11 19:39:27,52,LY24EKZ|LY24EKX
77,490000254B,Waterloo Station   / Upper Taxi Road,2025-08-11 19:44:25,4,YX18KXL|YX18KXK
255,490016323E,South Lodge Avenue / Yorkshire Road,2025-08-11 19:44:27,52,LY24EKZ|LY24EKX
255,490016323E,South Lodge Avenue / Yorkshire Road,2025-08-11 19:44:27,52,LY24EKZ|LY24EKX
57,490006412E2,Eden Street,2025-08-11 20:34:22,46,LF24ZGK|LF24ZKH
57,490010265E,New Victoria Hospital,2025-08-11 20:39:22,15,LF24ZKH|LF24ZGK
77,490014127S2,Waldron Road,2025-08-11 20:44:27,40,YX18KXF|YX18KWZ
57,490013664C1,Tiffin School / London Road,2025-08-11 20:49:22,13,LG23EUP|LF24ZGK
77,490000234M,Tooting Broadway Station,2025-08-11 20:49:26,34,YX18KXF|YX18KWZ
77,490000234H,Tooting Broadway Station,2025-08-11 20:59:25,24,YX18KXB|YX18KXF
77,490001088B,Penwith Road,2025-08-11 20:59:26,51,YX18KXB|YX18KXM
77,490000234H,Tooting Broadway Station,2025-08-11 21:04:24,24,YX18KXB|YX18KXF
77,490014769S2,Windmill Road,2025-08-11 21:04:25,73,YX18KXB|YX18KXM
77,490000234H,Tooting Broadway Station,2025-08-11 21:09:25,24,YX18KXB|YX18KXF
255,490000012J,Balham Station  / Balham Station Road,2025-08-11 21:09:26,21,LY24ELC|LY24EKT
255,490000012J,Balham Station  / Balham Station Road,2025-08-11 21:09:27,21,LY24ELC|LY24EKT
77,490000234H,Tooting Broadway Station,2025-08-11 21:14:24,24,YX18KXB|YX18KXF
77,490004621S,Burntwood Lane,2025-08-11 21:14:25,73,YX18KXB|YX18KXM
77,490000234H,Tooting Broadway Station,2025-08-11 21:19:25,24,YX18KXB|YX18KXF
77,490008502N,Isis Street,2025-08-11 21:19:25,64,YX18KXK|YX18KXB
77,490000234H,Tooting Broadway Station,2025-08-11 21:24:24,50,YX18KXB|YX18KXF
77,490009008K,Lavender Hill Police Station,2025-08-11 21:24:24,67,YX18KXK|YX18KXB
255,490016323E,South Lodge Avenue / Yorkshire Road,2025-08-12 06:12:13,72,LY24FWR|LY24EKV
255,490016323E,South Lodge Avenue / Yorkshire Road,2025-08-12 06:12:14,72,LY24FWR|LY24EKV
57,490005800A2,Cromwell Road Bus Station,2025-08-12 06:27:10,42,LG23EUX|LF24ZGU
255,490000012J,Balham Station  / Balham Station Road,2025-08-12 06:32:13,52,LY24EKV|LY24FWR
255,490000012J,Balham Station  / Balham Station Road,2025-08-12 06:32:14,52,LY24EKV|LY24FWR
255,490000012J,Balham Station  / Balham Station Road,2025-08-12 06:37:13,52,LY24EKV|LY24FWR
255,490000012J,Balham Station  / Balham Station Road,2025-08-12 06:37:13,52,LY24EKV|LY24FWR
57,490009830G,Merton Abbey,2025-08-12 06:42:11,7,LF24ZGW|LG23EUN
57,490009830G,Merton Abbey,2025-08-12 06:47:12,72,LG23EUN|LF24ZGW
77,490008978N2,Larkhall Park,2025-08-12 06:52:13,42,YX18KXB|YX18KXU
57,490014742Y,Wimbledon Theatre,2025-08-12 06:57:11,54,LG23EUN|LF24ZGW
77,490012162W,Silverthorne Road,2025-08-12 06:57:13,5,YX18KXC|YX18KXU
57,490009830G,Merton Abbey,2025-08-12 07:02:11,85,LF24ZKC|LG23EUP
57,490013664C2,Norbiton Church / Tiffin Boys School,2025-08-12 07:02:12,56,LF24ZGW|LG23EUN
77,490009007W,Lavender Hill Police Station,2025-08-12 07:02:13,22,YX18KXC|YX18KXU
77,490004133W,Bolingbroke Grove,2025-08-12 07:07:14,71,YX18KXC|YX18KXU
77,490005333Y,Clapham Junction / the Northcote,2025-08-12 07:07:14,45,YX18KXU|YX18KXB
57,490013186S,Telford Avenue,2025-08-12 07:12:11,16,LF24ZGT|LF24ZGK
77,490013709R,Tooting / the Mitre,2025-08-12 07:12:14,14,YX18KXC|YX18KXU
57,490008282E,Holland Avenue,2025-08-12 07:17:10,64,LF24ZGG|LF24ZGE
77,490000247J,Vauxhall Bus Station,2025-08-12 07:22:13,77,YX18KWZ|YX18KXV
77,490010524S,Battersea Arts Centre,2025-08-12 07:27:14,87,YX18KXA|YX18KXR
255,490000012J,Balham Station  / Balham Station Road,2025-08-12 07:27:14,55,LY24EKZ|LY24FWS
255,490000012J,Balham Station  / Balham Station Road,2025-08-12 07:27:16,55,LY24EKZ|LY24FWS
57,490003166E,Albion Road,2025-08-12 07:32:10,41,LG23EUN|LF24ZGE
77,490005332T,Clapham Junction Stn  / the Falcon,2025-08-12 07:32:12,78,YX18KXA|YX18KXR
255,490000012J,Balham Station  / Balham Station Road,2025-08-12 07:32:13,55,LY24EKZ|LY24FWS
255,490000012J,Balham Station  / Balham Station Road,2025-08-12 07:32:14,55,LY24EKZ|LY24FWS
255,490000012J,Balham Station  / Balham Station Road,2025-08-12 07:37:14,73,LY24FWS|LY24ELC
255,490000012J,Balham Station  / Balham Station Road,2025-08-12 07:37:15,73,LY24FWS|LY24ELC
255,490009076E,Leigham Court Road,2025-08-12 07:42:16,71,LY24FWO|LY24EKX
255,490000012J,Balham Station  / Balham Station Road,2025-08-12 07:42:16,73,LY24FWS|LY24ELC
255,490000012J,Balham Station  / Balham Station Road,2025-08-12 07:42:17,73,LY24FWS|LY24ELC
57,490010931W,Pepys Road,2025-08-12 07:47:11,35,LF24ZGT|LF24ZGK
77,490012379S,Spencer Park,2025-08-12 08:02:15,73,YX18KXW|YX18KXM
255,490000012J,Balham Station  / Balham Station Road,2025-08-12 08:02:17,50,LY24FWS|LY24ELC
255,490000012J,Balham Station  / Balham Station Road,2025-08-12 08:02:18,50,LY24FWS|LY24ELC
77,490014769S2,Windmill Road,2025-08-12 08:07:12,71,YX18KXW|YX18KXM
77,490000234M,Tooting Broadway Station,2025-08-12 08:22:13,17,YX18KXW|YX18KXM
57,490011457E,Raynes Park Methodist Church,2025-08-12 08:32:10,85,LF24ZKJ|LF24ZGK
57,490008765M,Kingscourt Road,2025-08-12 08:32:10,78,LF24ZGE|LF24ZGW
57,490006412E2,Eden Street,2025-08-12 08:42:09,5,LF24ZKK|LF24ZGK
57,490005632E,Cottenham Park Road,2025-08-12 08:47:09,88,LF24ZKK|LF24ZGK
255,490016323E,South Lodge Avenue / Yorkshire Road,2025-08-12 09:07:13,15,LY24EKU|LY24ELC
255,490016323E,South Lodge Avenue / Yorkshire Road,2025-08-12 09:07:13,15,LY24EKU|LY24ELC
77,490012954C,St Thomas' Hospital / A & E Department,2025-08-12 09:47:16,53,YX18KXW|YX18KXR
77,490012954C,St Thomas' Hospital / A & E Department,2025-08-12 09:52:12,4,YX18KXR|YX18KXM
77,490012954C,St Thomas' Hospital / A & E Department,2025-08-12 10:02:12,34,YX18KXR|YX18KXE
77,490013908S,Union Road,2025-08-12 10:07:12,21,YX18KXW|YX18KXR
77,490012954C,St Thomas' Hospital / A & E Department,2025-08-12 10:12:11,87,YX18KXR|YX18KWZ
57,490001281A,Streatham Hill Stn  / Streatham Hill,2025-08-12 10:27:09,20,LF24ZGR|LF24ZGL
57,490012931W,Streatham Place,2025-08-12 10:32:09,36,LF24ZGK|LF24ZGT
77,490010921S,Wandsworth Road Station,2025-08-12 10:32:11,57,YX18KXW|YX18KXM
77,490005333Y,Clapham Junction / the Northcote,2025-08-12 10:37:12,0,YX18KXM|YX18KXW
57,490008755V,Poynders Road / Kings Avenue,2025-08-12 10:47:09,70,LF24ZGK|LF24ZGT
57,490013709S,Tooting / the Mitre,2025-08-12 10:57:10,86,LF24ZGK|LF24ZGT
77,490013908S,Union Road,2025-08-12 11:02:12,33,YX18KWZ|YX18KXE
77,490000234M,Tooting Broadway Station,2025-08-12 11:02:12,50,YX18KXW|YX18KXM
255,490016323E,South Lodge Avenue / Yorkshire Road,2025-08-12 11:02:13,18,LY24FWO|LY24EKT
255,490016323E,South Lodge Avenue / Yorkshire Road,2025-08-12 11:02:13,18,LY24FWO|LY24EKT
77,490008978N2,Larkhall Park,2025-08-12 11:07:11,8,YX18KXV|YX18KXE
77,490007998S,Heathfield Road,2025-08-12 11:07:12,49,YX18KWZ|YX18KXE
255,490016323E,South Lodge Avenue / Yorkshire Road,2025-08-12 11:07:12,18,LY24FWO|LY24EKT
255,490016323E,South Lodge Avenue / Yorkshire Road,2025-08-12 11:07:13,18,LY24FWO|LY24EKT
77,490012379S,Spencer Park,2025-08-12 11:12:12,79,YX18KXE|YX18KXV
255,490016323E,South Lodge Avenue / Yorkshire Road,2025-08-12 11:12:13,18,LY24FWO|LY24EKT
255,490016323E,South Lodge Avenue / Yorkshire Road,2025-08-12 11:12:13,18,LY24FWO|LY24EKT
77,490008978N2,Larkhall Park,2025-08-12 11:17:11,7,YX18KXO|YX18KXE
255,490000012J,Balham Station  / Balham Station Road,2025-08-12 11:17:12,12,LY24ELC|LY24EKZ
255,490000012C,Balham Station,2025-08-12 11:17:13,89,LY24EKZ|LY24ELC
77,490010921S,Wandsworth Road Station,2025-08-12 11:22:12,76,YX18KXE|YX18KXO
57,490015361W,Lower Downs Road,2025-08-12 11:27:11,86,LF24ZGK|LF24ZGT
77,490014679N,Nine Elms Station,2025-08-12 11:27:13,79,YX18KXC|YX18KXU
77,490005332T,Clapham Junction Stn  / the Falcon,2025-08-12 11:27:13,62,YX18KXE|YX18KXO
57,490012378W,Spencer Hill,2025-08-12 11:32:11,72,LF24ZGT|LF24ZGK
77,490005332T,Clapham Junction Stn  / the Falcon,2025-08-12 11:32:13,84,YX18KXE|YX18KXO
77,490012920E,Streatham Cemetery,2025-08-12 11:32:13,87,YX18KWZ|YX18KXV
255,490016323E,South Lodge Avenue / Yorkshire Road,2025-08-12 11:32:13,55,LY24EKZ|LY24EKX
255,490016323E,South Lodge Avenue / Yorkshire Road,2025-08-12 11:32:14,55,LY24EKZ|LY24EKX
77,490012954Z,St Thomas' Hospital / Evelina London,2025-08-12 11:37:11,17,YX18KXC|YX18KXU
77,490012379S,Spencer Park,2025-08-12 11:37:12,81,YX18KXE|YX18KXO
77,490012920W,Streatham Cemetery,2025-08-12 11:42:12,80,YX18KXE|YX18KWZ
77,490001088B,Penwith Road,2025-08-12 11:42:13,82,YX18KXE|YX18KXO
77,490000234M,Tooting Broadway Station,2025-08-12 11:42:13,62,YX18KWZ|YX18KXV
255,490016323E,South Lodge Avenue / Yorkshire Road,2025-08-12 11:42:14,49,LY24ELC|LY24EKZ
255,490016323E,South Lodge Avenue / Yorkshire Road,2025-08-12 11:42:14,49,LY24ELC|LY24EKZ
77,490007123W,Wimbledon Road,2025-08-12 11:47:11,89,YX18KXE|YX18KWZ
77,490008430E,Wimbledon Road,2025-08-12 11:47:14,54,YX18KXE|YX18KXO
77,490013709R,Tooting / the Mitre,2025-08-12 11:47:14,60,YX18KWZ|YX18KXV
255,490016323E,South Lodge Avenue / Yorkshire Road,2025-08-12 11:47:15,49,LY24ELC|LY24EKZ
255,490016323E,South Lodge Avenue / Yorkshire Road,2025-08-12 11:47:15,49,LY24ELC|LY24EKZ
77,490003295N,Amen Corner,2025-08-12 11:52:10,33,YX18KWZ|YX18KXE
77,490001296S,Tooting Station,2025-08-12 11:52:12,29,YX18KXE|YX18KXO
77,490013709S,Tooting / the Mitre,2025-08-12 11:57:11,69,YX18KWZ|YX18KXE
77,490006718H1,Fairlight Road,2025-08-12 11:57:13,78,YX18KXO|YX18KXE
77,490001296N,Mitcham Road / Tooting Station,2025-08-12 12:02:11,78,YX18KXE|YX18KXV
77,490012920E,Streatham Cemetery,2025-08-12 12:02:12,83,YX18KXE|YY66OYG
255,490000012J,Balham Station  / Balham Station Road,2025-08-12 12:02:13,57,LY24FWO|LY24FWS
255,490000012J,Balham Station  / Balham Station Road,2025-08-12 12:02:13,57,LY24FWO|LY24FWS
255,490000012J,Balham Station  / Balham Station Road,2025-08-12 12:07:11,57,LY24FWO|LY24FWS
255,490000012J,Balham Station  / Balham Station Road,2025-08-12 12:07:12,57,LY24FWO|LY24FWS
77,490013908S,Union Road,2025-08-12 12:37:10,78,YX18KXU|YX18KXK
77,490004133W,Bolingbroke Grove,2025-08-12 12:42:11,30,YX18KXK|YX18KXU
255,490000012J,Balham Station  / Balham Station Road,2025-08-12 12:42:12,31,LY24EKZ|LY24ELC
255,490016323E,South Lodge Avenue / Yorkshire Road,2025-08-12 12:42:12,24,LY24FWO|LY24EKT
255,490016323E,South Lodge Avenue / Yorkshire Road,2025-08-12 12:42:12,24,LY24FWO|LY24EKT
255,490000012J,Balham Station  / Balham Station Road,2025-08-12 12:42:13,31,LY24EKZ|LY24ELC
77,490004133W,Bolingbroke Grove,2025-08-12 12:47:11,30,YX18KXK|YX18KXU
255,490016323E,South Lodge Avenue / Yorkshire Road,2025-08-12 12:47:12,24,LY24FWO|LY24EKT
255,490016323E,South Lodge Avenue / Yorkshire Road,2025-08-12 12:47:12,24,LY24FWO|LY24EKT
255,490010487E,Oakhill Road,2025-08-12 12:47:12,51,LY24ELC|LY24EKU
77,490000247J,Vauxhall Bus Station,2025-08-12 12:52:11,79,YX18KXE|YX18KWZ
255,490000012J,Balham Station  / Balham Station Road,2025-08-12 12:52:12,49,LY24ELC|LY24EKU
255,490016323E,South Lodge Avenue / Yorkshire Road,2025-08-12 12:52:13,24,LY24FWO|LY24EKT
255,490016323E,South Lodge Avenue / Yorkshire Road,2025-08-12 12:52:13,24,LY24FWO|LY24EKT
255,490003389N,Arragon Gardens,2025-08-12 12:52:13,82,LY24EKU|LY24ELC
77,490008917N,Lambeth Palace,2025-08-12 12:57:11,76,YX18KXE|YX18KWZ
255,490012929S4,Streatham Station,2025-08-12 12:57:12,26,LY24ELC|LY24EKU
255,490015219N,New Park Road,2025-08-12 13:02:12,86,LY24ELC|LY24EKU
77,490013709R,Tooting / the Mitre,2025-08-12 13:12:12,81,YX18KXK|YX18KXU
255,490016323E,South Lodge Avenue / Yorkshire Road,2025-08-12 13:17:14,7,LY24EKZ|LY24EKX
255,490016323E,South Lodge Avenue / Yorkshire Road,2025-08-12 13:17:14,7,LY24EKZ|LY24EKX
255,490000012J,Balham Station  / Balham Station Road,2025-08-12 13:42:11,18,LY24FWO|LY24EKT
255,490000012J,Balham Station  / Balham Station Road,2025-08-12 13:42:11,18,LY24FWO|LY24EKT
255,490000012J,Balham Station  / Balham Station Road,2025-08-12 13:47:12,18,LY24FWO|LY24EKT
255,490000012J,Balham Station  / Balham Station Road,2025-08-12 13:47:13,18,LY24FWO|LY24EKT
255,490010487W,Oakhill Road,2025-08-12 13:57:14,73,LY24ELC|LY24EKU
255,490016323E,South Lodge Avenue / Yorkshire Road,2025-08-12 13:57:14,2,LY24ELC|LY24EKU
255,490000012J,Balham Station  / Balham Station Road,2025-08-12 14:02:12,61,LY24EKX|LY24FWS
255,490010321L,Northborough Road,2025-08-12 14:02:13,79,LY24ELC|LY24EKU
255,490000012J,Balham Station  / Balham Station Road,2025-08-12 14:02:14,61,LY24EKX|LY24FWS
255,490010487W,Oakhill Road,2025-08-12 14:12:13,75,LY24ELC|LY24FWR
255,490008106S,Carisbrooke Road / Hertford Way,2025-08-12 14:12:13,85,LY24EKU|LY24ELC
255,490016323E,South Lodge Avenue / Yorkshire Road,2025-08-12 14:12:13,31,LY24ELC|LY24FWR
255,490016323E,South Lodge Avenue / Yorkshire Road,2025-08-12 14:17:12,31,LY24EKT|LY24EKV
255,490016323E,South Lodge Avenue / Yorkshire Road,2025-08-12 14:17:12,31,LY24EKT|LY24EKV
255,490016323E,South Lodge Avenue / Yorkshire Road,2025-08-12 14:22:12,38,LY24EKU|LY24FWR
255,490016323E,South Lodge Avenue / Yorkshire Road,2025-08-12 14:22:12,38,LY24EKU|LY24FWR
77,490014679N,Nine Elms Station,2025-08-12 14:27:10,29,YX18KXU|YX18KXK
77,490008917N,Lambeth Palace,2025-08-12 14:42:11,40,YX18KXK|YX18KXU
255,490016323E,South Lodge Avenue / Yorkshire Road,2025-08-12 14:57:13,14,LY24FWO|LY24EKT
255,490016323E,South Lodge Avenue / Yorkshire Road,2025-08-12 14:57:13,14,LY24FWO|LY24EKT
255,490012844E,St Olave's Walk,2025-08-12 14:57:13,69,LY24ELC|LY24EKT
255,490008106S,Carisbrooke Road / Hertford Way,2025-08-12 15:02:13,35,LY24ELC|LY24EKT
77,490001088B,Penwith Road,2025-08-12 15:07:11,55,YX18KXT|YX18KXF
255,490015219N,New Park Road,2025-08-12 15:07:14,15,LY24ELC|LY24EKT
77,490001088B,Penwith Road,2025-08-12 15:12:11,76,YX18KXT|YX18KXF
77,490000234E,Mitcham Road / Tooting Broadway Stn,2025-08-12 15:17:12,73,YX18KXT|YX18KXF
255,490000012C,Balham Station,2025-08-12 15:22:12,88,LY24FWR|LY24EKV
255,490016323E,South Lodge Avenue / Yorkshire Road,2025-08-12 15:57:13,47,LY24EKV|LY24FWR
255,490016323E,South Lodge Avenue / Yorkshire Road,2025-08-12 15:57:13,47,LY24EKV|LY24FWR
255,490016323E,South Lodge Avenue / Yorkshire Road,2025-08-12 16:02:13,47,LY24EKV|LY24FWR
255,490016323E,South Lodge Avenue / Yorkshire Road,2025-08-12 16:02:13,47,LY24EKV|LY24FWR
57,490000234C,Mitcham Road / Tooting Broadway Stn,2025-08-12 16:07:08,3,LF24ZGG|LF24ZGM
57,490006319E,Eastbourne Road,2025-08-12 16:12:09,3,LF24ZGM|LF24ZGG
57,490009332H11,Longley Road,2025-08-12 16:17:08,74,LF24ZGW|LF24ZGE
57,490003598S,Barrhill Road,2025-08-12 16:17:09,88,LF24ZGM|LF24ZGG
57,490000234C,Mitcham Road / Tooting Broadway Stn,2025-08-12 16:22:08,15,LF24ZGW|LF24ZGE
57,490003598S,Barrhill Road,2025-08-12 16:22:08,84,LF24ZGG|LF24ZGM
77,490012379N,Spencer Park,2025-08-12 16:22:11,74,YX18KXP|YX18KXC
57,490008765M,Kingscourt Road,2025-08-12 16:27:08,63,LF24ZGE|LF24ZGW
255,490016323E,South Lodge Avenue / Yorkshire Road,2025-08-12 16:57:14,57,LY24FWO|LY24FWS
255,490016323E,South Lodge Avenue / Yorkshire Road,2025-08-12 16:57:14,57,LY24FWO|LY24FWS
255,490010321L,Northborough Road,2025-08-12 17:27:17,44,LY24ELC|LY24EKU
255,490016323E,South Lodge Avenue / Yorkshire Road,2025-08-12 17:27:17,38,LY24EKU|LY24ELC
77,490000234E,Mitcham Road / Tooting Broadway Stn,2025-08-12 17:43:05,70,YX18KXV|YX18KXO
57,490006412E2,Eden Street,2025-08-12 17:47:07,88,LF24ZKB|LG23EVF
77,490001296S,Tooting Station,2025-08-12 17:47:13,43,YX18KXV|YX18KXO
77,490005333Y,Clapham Junction / the Northcote,2025-08-12 17:57:26,84,YX18KXT|YX18KXF
77,490012379S,Spencer Park,2025-08-12 18:02:19,53,YX18KXT|YX18KXF
77,490001088B,Penwith Road,2025-08-12 18:07:16,40,YX18KXT|YX18KXF
255,490016323E,South Lodge Avenue / Yorkshire Road,2025-08-12 18:12:17,49,LY24FWR|LY24EKV
255,490016323E,South Lodge Avenue / Yorkshire Road,2025-08-12 18:12:17,49,LY24FWR|LY24EKV
255,490000012J,Balham Station  / Balham Station Road,2025-08-12 18:17:13,26,LY24ELC|LY24EKU
255,490000012J,Balham Station  / Balham Station Road,2025-08-12 18:17:14,26,LY24ELC|LY24EKU
255,490000012J,Balham Station  / Balham Station Road,2025-08-12 18:22:13,26,LY24ELC|LY24EKU
255,490000012J,Balham Station  / Balham Station Road,2025-08-12 18:22:14,26,LY24ELC|LY24EKU
255,490000012J,Balham Station  / Balham Station Road,2025-08-12 18:27:13,35,LY24EKU|LY24FWR
255,490000012J,Balham Station  / Balham Station Road,2025-08-12 18:27:15,35,LY24EKU|LY24FWR
255,490000012J,Balham Station  / Balham Station Road,2025-08-12 18:32:13,35,LY24EKU|LY24FWR
255,490000012J,Balham Station  / Balham Station Road,2025-08-12 18:32:14,35,LY24EKU|LY24FWR
77,490004390S,Brocklebank Road,2025-08-12 18:37:13,70,YX18KXC|YX18KXU
77,490001088B,Penwith Road,2025-08-12 18:42:12,83,YX18KXC|YX18KXU
57,490014807E,Wolsey Close,2025-08-12 18:47:07,66,LG23EUW|LF24ZGE
77,490011360W,Cedars Road,2025-08-12 18:57:10,70,YX18KXA|BD65EWA
255,490009076E,Leigham Court Road,2025-08-12 18:57:11,60,LY24EKW|LY24ELC
255,490001279S1,Streatham Station,2025-08-12 19:02:13,42,LY24EKW|LY24ELC
255,490001279S1,Streatham Station,2025-08-12 19:07:11,34,LY24EKW|LY24ELC
77,490004390S,Brocklebank Road,2025-08-12 19:12:15,88,YX18KXA|BD65EWA
255,490010439W,Freeman Court,2025-08-12 19:12:16,49,LY24EKW|LY24ELC
255,490012715D,St Helen's Road,2025-08-12 19:17:10,76,LY24EKW|LY24ELC
255,490016323E,South Lodge Avenue / Yorkshire Road,2025-08-12 19:17:11,45,LY24EKW|LY24ELC
255,490011739S,Rosemead Avenue,2025-08-12 19:22:10,77,LY24EKW|LY24ELC
255,490016323E,South Lodge Avenue / Yorkshire Road,2025-08-12 19:22:11,2,LY24EKW|LY24ELC
255,490008527J,Ivy Gardens,2025-08-12 19:27:10,87,LY24EKW|LY24ELC
255,490016323E,South Lodge Avenue / Yorkshire Road,2025-08-12 19:52:10,74,LY24EKT|LY24FWO
255,490016323E,South Lodge Avenue / Yorkshire Road,2025-08-12 19:52:10,74,LY24EKT|LY24FWO
255,490016323E,South Lodge Avenue / Yorkshire Road,2025-08-12 19:57:11,74,LY24EKT|LY24FWO
255,490016323E,South Lodge Avenue / Yorkshire Road,2025-08-12 19:57:11,74,LY24EKT|LY24FWO
57,490000216C,South Wimbledon Station,2025-08-12 20:02:08,46,LF24ZGM|LF24ZKC
255,490016323E,South Lodge Avenue / Yorkshire Road,2025-08-12 20:02:12,74,LY24EKT|LY24FWO
255,490016323E,South Lodge Avenue / Yorkshire Road,2025-08-12 20:02:12,74,LY24EKT|LY24FWO
57,490003189S,Aldrington Road,2025-08-12 20:07:07,15,LF24ZGM|LF24ZKC
57,490010468H10,Nutwell Street,2025-08-12 20:12:08,35,LF24ZGM|LF24ZKC
57,490003990P,Bickley Street,2025-08-12 20:17:08,65,LF24ZGM|LF24ZKC
57,490015472L,Wimbledon Station,2025-08-12 20:22:08,51,LF24ZKC|LF24ZGM
57,490012378W,Spencer Hill,2025-08-12 20:27:08,52,LF24ZGM|LF24ZKC
57,490010265W,New Victoria Hospital,2025-08-12 20:32:08,41,LF24ZGM|LF24ZKC
77,490012954Z,St Thomas' Hospital / Evelina London,2025-08-12 20:57:10,23,BD65EWA|YX18KXM
57,490003166E,Albion Road,2025-08-12 21:32:08,81,LF24ZKC|LF24ZGN
255,490016323E,South Lodge Avenue / Yorkshire Road,2025-08-13 06:22:35,81,LY24FWO|LY24EKX
255,490016323E,South Lodge Avenue / Yorkshire Road,2025-08-13 06:22:35,81,LY24FWO|LY24EKX
77,490000254W,Waterloo Station   / York Road,2025-08-13 06:27:34,77,YX18KXB|BD65EVW
255,490016323E,South Lodge Avenue / Yorkshire Road,2025-08-13 06:27:36,81,LY24FWO|LY24EKX
255,490016323E,South Lodge Avenue / Yorkshire Road,2025-08-13 06:27:36,81,LY24FWO|LY24EKX
57,490010295E,Norbiton Church,2025-08-13 06:37:31,88,LF24ZGN|LF24ZGX
77,490000234N,Garratt Lane / Tooting Broadway,2025-08-13 06:37:33,84,YX18KXN|YX18KXL
57,490014742Y,Wimbledon Theatre,2025-08-13 06:42:32,86,LG23EVF|LF24ZKC
77,490008430W,Huntspill Street,2025-08-13 06:42:33,64,YX18KXN|YX18KXL
57,490014742Y,Wimbledon Theatre,2025-08-13 06:47:32,3,LF24ZKC|LG23EVF
77,490001088A,Penwith Road,2025-08-13 06:47:33,52,YX18KXN|YX18KXL
57,490000216C,South Wimbledon Station,2025-08-13 06:52:32,46,LG23EUX|LF24ZKC
77,490009008K,Lavender Hill Police Station,2025-08-13 06:52:33,28,YX18KXN|YX18KXL
57,490003496W,Avenue Road,2025-08-13 06:57:33,25,LF24ZKC|LG23EUX
77,490000247J,Vauxhall Bus Station,2025-08-13 06:57:33,74,YX18KXN|YX18KXL
57,490014397W,Durham Road,2025-08-13 07:02:32,78,LG23EUX|LG23EVF
57,490013664C2,Norbiton Church / Tiffin Boys School,2025-08-13 07:02:33,30,LG23EUX|LF24ZKC
77,490000247J,Vauxhall Bus Station,2025-08-13 07:02:33,74,YX18KXN|YX18KXL
255,490016323E,South Lodge Avenue / Yorkshire Road,2025-08-13 07:02:35,25,LY24FWP|LY24EKW
255,490016323E,South Lodge Avenue / Yorkshire Road,2025-08-13 07:02:35,25,LY24FWP|LY24EKW
255,490016323E,South Lodge Avenue / Yorkshire Road,2025-08-13 07:07:36,25,LY24FWP|LY24EKW
255,490016323E,South Lodge Avenue / Yorkshire Road,2025-08-13 07:07:36,25,LY24FWP|LY24EKW
57,490006388S,Mitcham Lane / Southcroft Road,2025-08-13 07:12:32,61,LF24ZKG|LG23EUW
57,490003292S1,Ambleside Avenue,2025-08-13 07:17:32,78,LF24ZKG|LG23EUW
57,490012269W,Southcroft Road / Mitcham Lane,2025-08-13 07:22:33,7,LG23EUW|LF24ZKG
57,490000055A,Colliers Wood Station,2025-08-13 07:27:33,37,LF24ZKG|LG23EUW
57,490015513K,Tooting Broadway  / Sth Thames College,2025-08-13 07:32:33,30,LG23EUW|LF24ZKG
77,490005332T,Clapham Junction Stn  / the Falcon,2025-08-13 07:32:35,53,YX18KXV|YX18KXE
255,490016323E,South Lodge Avenue / Yorkshire Road,2025-08-13 07:32:36,0,LY24EKW|LY24FWP
255,490016323E,South Lodge Avenue / Yorkshire Road,2025-08-13 07:32:36,0,LY24EKW|LY24FWP
57,490014149S,Walpole Road,2025-08-13 07:37:34,12,LG23EUW|LF24ZKG
77,490005678X,Covent Garden Market East Side,2025-08-13 07:37:35,69,YX18KXV|YX18KXE
57,490009830G,Merton Abbey,2025-08-13 07:42:33,4,LG23EUW|LF24ZKG
77,490004133W,Bolingbroke Grove,2025-08-13 07:42:35,68,YX18KXE|YX18KXV
77,490008978N2,Larkhall Park,2025-08-13 07:47:35,78,YX18KXV|YX18KXN
255,490000012J,Balham Station  / Balham Station Road,2025-08-13 07:47:36,34,LY24EKW|LY24ELC
255,490000012J,Balham Station  / Balham Station Road,2025-08-13 07:47:37,34,LY24EKW|LY24ELC
57,490003496W,Avenue Road,2025-08-13 07:52:34,1,LF24ZKB|LF24ZKG
57,490012378W,Spencer Hill,2025-08-13 07:57:33,33,LF24ZKG|LF24ZKB
57,490005931N,Dahomey Road,2025-08-13 08:22:31,72,LG23EVF|LF24ZKC
255,490016323E,South Lodge Avenue / Yorkshire Road,2025-08-13 08:42:37,43,LY24ELC|LY24EKW
255,490016323E,South Lodge Avenue / Yorkshire Road,2025-08-13 08:42:37,43,LY24ELC|LY24EKW
57,490006319W,Eastbourne Road,2025-08-13 08:47:31,57,LF24ZGH|LF24ZGY
57,490003189S,Aldrington Road,2025-08-13 08:52:32,86,LF24ZGH|LF24ZGY
57,490005830W,Amen Corner,2025-08-13 08:57:32,45,LF24ZGY|LF24ZGH
57,490013807W,The Polka Theatre,2025-08-13 09:02:33,72,LF24ZGY|LF24ZGH
77,490014679S,Nine Elms Station,2025-08-13 09:32:34,52,BD65EVW|YX18KXR
255,490020150W,Belthorn Crescent,2025-08-13 09:32:34,17,LY24FWO|LY24FWS
77,490010524S,Battersea Arts Centre,2025-08-13 09:37:34,57,BD65EVW|YX18KXR
255,490010439W,Freeman Court,2025-08-13 09:37:35,88,LY24FWO|LY24FWS
77,490008488S,Inman Road,2025-08-13 09:42:35,54,BD65EVW|YX18KXR
255,490020143M,Hydethorpe Road,2025-08-13 09:42:35,31,LY24EKX|LY24FWS
77,490001088B,Penwith Road,2025-08-13 09:47:34,81,BD65EVW|YX18KXR
255,490003389S,Arragon Gardens,2025-08-13 09:52:35,41,LY24FWO|LY24FWS
255,490016323E,South Lodge Avenue / Yorkshire Road,2025-08-13 09:52:35,27,LY24FWO|LY24EKX
255,490016323E,South Lodge Avenue / Yorkshire Road,2025-08-13 09:52:35,27,LY24FWO|LY24EKX
255,490016323E,South Lodge Avenue / Yorkshire Road,2025-08-13 09:57:35,27,LY24FWO|LY24EKX
255,490016323E,South Lodge Avenue / Yorkshire Road,2025-08-13 09:57:35,27,LY24FWO|LY24EKX
77,490006306D,Earlsfield Station,2025-08-13 10:07:36,54,BD65EVW|YX18KXR
77,490013709R,Tooting / the Mitre,2025-08-13 10:12:35,86,BD65EVW|YX18KXR
77,490001296S,Tooting Station,2025-08-13 10:22:33,58,BD65EVW|YX18KXR
255,490016323E,South Lodge Avenue / Yorkshire Road,2025-08-13 10:42:36,73,LY24EKZ|LY24FWP
255,490016323E,South Lodge Avenue / Yorkshire Road,2025-08-13 10:42:37,73,LY24EKZ|LY24FWP
255,490016323E,South Lodge Avenue / Yorkshire Road,2025-08-13 10:47:37,73,LY24EKZ|LY24FWP
255,490016323E,South Lodge Avenue / Yorkshire Road,2025-08-13 10:47:37,73,LY24EKZ|LY24FWP
57,490005571E,Coombe Hill School,2025-08-13 11:02:30,59,LF24ZGH|LF24ZGX
57,490005632E,Cottenham Park Road,2025-08-13 11:07:30,4,LF24ZGH|LF24ZGX
77,490005333V,Clapham Junction / the Northcote,2025-08-13 11:07:33,83,BD65EVW|YX18KXR
57,490001237C,Raynes Park Station,2025-08-13 11:12:30,41,LF24ZGH|LF24ZGX
77,490013709S,Tooting / the Mitre,2025-08-13 11:12:32,66,YX18KXO|YX18KXG
57,490012378E,Spencer Hill,2025-08-13 11:17:30,9,LF24ZGX|LF24ZGH
77,490008430W,Huntspill Street,2025-08-13 11:17:32,78,YX18KXG|YX18KXO
57,490007938F,Abbey Road,2025-08-13 11:22:30,77,LF24ZGH|LF24ZGX
77,490013709S,Tooting / the Mitre,2025-08-13 11:22:32,77,YX18KXO|YX18KXM
77,490005678N,Covent Garden Market East Side,2025-08-13 11:22:32,89,BD65EVW|YX18KXR
77,490008430W,Huntspill Street,2025-08-13 11:27:33,76,YX18KXM|YX18KXO
77,490013709S,Tooting / the Mitre,2025-08-13 11:32:32,88,YX18KXO|YX18KXE
255,490016323E,South Lodge Avenue / Yorkshire Road,2025-08-13 11:32:34,5,LY24EKX|LY24FWO
255,490016323E,South Lodge Avenue / Yorkshire Road,2025-08-13 11:32:35,5,LY24EKX|LY24FWO
77,490012379N,Spencer Park,2025-08-13 11:37:33,27,YX18KXO|YX18KXE
255,490016323E,South Lodge Avenue / Yorkshire Road,2025-08-13 11:37:35,5,LY24EKX|LY24FWO
255,490016323E,South Lodge Avenue / Yorkshire Road,2025-08-13 11:37:35,5,LY24EKX|LY24FWO
77,490001088B,Penwith Road,2025-08-13 11:47:37,75,YX18KXC|YX18KXW
77,490013709R,Tooting / the Mitre,2025-08-13 11:52:35,88,YX18KXC|YX18KXW
57,490003295U,Amen Corner,2025-08-13 11:57:30,12,LF24ZGH|LF24ZGV
57,490013647N,Thrale Road,2025-08-13 12:02:31,29,LF24ZGV|LF24ZGH
255,490000012J,Balham Station  / Balham Station Road,2025-08-13 12:02:34,44,LY24EKT|LY24FWS
255,490000012J,Balham Station  / Balham Station Road,2025-08-13 12:02:35,44,LY24EKT|LY24FWS
77,490013908N,Union Road,2025-08-13 12:07:35,73,YX18KXN|YX18KXO
255,490000012J,Balham Station  / Balham Station Road,2025-08-13 12:07:37,44,LY24EKT|LY24FWS
255,490016323E,South Lodge Avenue / Yorkshire Road,2025-08-13 12:07:38,75,LY24FWP|LY24EKW
255,490016323E,South Lodge Avenue / Yorkshire Road,2025-08-13 12:07:39,75,LY24FWP|LY24EKW
255,490000012J,Balham Station  / Balham Station Road,2025-08-13 12:07:40,44,LY24EKT|LY24FWS
57,490010078K,Mount Ephraim Road,2025-08-13 12:12:31,42,LF24ZGH|LF24ZGV
77,490012574N,St Ann's Hill,2025-08-13 12:12:33,30,YX18KXN|YX18KXO
255,490000012J,Balham Station  / Balham Station Road,2025-08-13 12:12:34,44,LY24EKT|LY24FWS
255,490016323E,South Lodge Avenue / Yorkshire Road,2025-08-13 12:12:34,75,LY24FWP|LY24EKW
255,490016323E,South Lodge Avenue / Yorkshire Road,2025-08-13 12:12:34,75,LY24FWP|LY24EKW
255,490000012J,Balham Station  / Balham Station Road,2025-08-13 12:12:35,44,LY24EKT|LY24FWS
77,490012379N,Spencer Park,2025-08-13 12:17:33,22,YX18KXO|YX18KXN
255,490016323E,South Lodge Avenue / Yorkshire Road,2025-08-13 12:17:35,66,LY24EKV|LY24EKW
255,490016323E,South Lodge Avenue / Yorkshire Road,2025-08-13 12:17:35,66,LY24EKV|LY24EKW
77,490005333V,Clapham Junction / the Northcote,2025-08-13 12:22:33,65,YX18KXO|YX18KXN
77,490011360N,Cedars Road,2025-08-13 12:27:33,21,YX18KXN|YX18KXO
255,490000012J,Balham Station  / Balham Station Road,2025-08-13 12:27:35,35,LY24EKX|LY24FWO
255,490000012J,Balham Station  / Balham Station Road,2025-08-13 12:27:36,35,LY24EKX|LY24FWO
255,490000012J,Balham Station  / Balham Station Road,2025-08-13 12:32:35,60,LY24FWS|LY24EKT
255,490016323E,South Lodge Avenue / Yorkshire Road,2025-08-13 12:32:35,34,LY24EKU|LY24EKZ
255,490016323E,South Lodge Avenue / Yorkshire Road,2025-08-13 12:32:35,34,LY24EKU|LY24EKZ
255,490000012J,Balham Station  / Balham Station Road,2025-08-13 12:32:35,60,LY24FWS|LY24EKT
255,490000012C,Balham Station,2025-08-13 12:32:35,37,LY24EKT|LY24FWO
255,490016323E,South Lodge Avenue / Yorkshire Road,2025-08-13 12:37:36,34,LY24EKU|LY24EKZ
255,490016323E,South Lodge Avenue / Yorkshire Road,2025-08-13 12:37:36,34,LY24EKU|LY24EKZ
77,490005678N,Covent Garden Market East Side,2025-08-13 12:52:34,85,YX18KXL|YX18KXF
255,490016323E,South Lodge Avenue / Yorkshire Road,2025-08-13 12:57:37,14,LY24FWS|LY24EKT
255,490016323E,South Lodge Avenue / Yorkshire Road,2025-08-13 12:57:37,14,LY24FWS|LY24EKT
255,490000012J,Balham Station  / Balham Station Road,2025-08-13 13:02:35,83,LY24FWP|LY24EKW
255,490000012J,Balham Station  / Balham Station Road,2025-08-13 13:02:36,83,LY24FWP|LY24EKW
77,490001296S,Tooting Station,2025-08-13 13:17:34,85,YX18KXR|YX18KXH
255,490000012J,Balham Station  / Balham Station Road,2025-08-13 13:27:34,34,LY24EKU|LY24EKZ
255,490000012J,Balham Station  / Balham Station Road,2025-08-13 13:27:36,34,LY24EKU|LY24EKZ
255,490000012J,Balham Station  / Balham Station Road,2025-08-13 13:32:36,34,LY24EKU|LY24EKZ
255,490000012J,Balham Station  / Balham Station Road,2025-08-13 13:32:37,34,LY24EKU|LY24EKZ
255,490016323E,South Lodge Avenue / Yorkshire Road,2025-08-13 14:22:35,53,LY24EKZ|LY24EKU
255,490016323E,South Lodge Avenue / Yorkshire Road,2025-08-13 14:22:35,53,LY24EKZ|LY24EKU
57,490006412E2,Eden Street,2025-08-13 14:27:29,27,LF24ZGX|LF24ZGE
255,490016323E,South Lodge Avenue / Yorkshire Road,2025-08-13 14:27:33,53,LY24EKZ|LY24EKU
255,490016323E,South Lodge Avenue / Yorkshire Road,2025-08-13 14:27:33,53,LY24EKZ|LY24EKU
255,490016323E,South Lodge Avenue / Yorkshire Road,2025-08-13 14:32:37,29,LY24FWS|LY24EKU
255,490016323E,South Lodge Avenue / Yorkshire Road,2025-08-13 14:32:38,29,LY24FWS|LY24EKU
77,490013709R,Tooting / the Mitre,2025-08-13 14:37:35,67,YX18KXL|YX18KXF
255,490000012J,Balham Station  / Balham Station Road,2025-08-13 14:37:35,33,LY24EKW|LY24EKV
255,490000012J,Balham Station  / Balham Station Road,2025-08-13 14:37:36,33,LY24EKW|LY24EKV
255,490016323E,South Lodge Avenue / Yorkshire Road,2025-08-13 14:42:36,71,LY24EKT|LY24FWS
255,490016323E,South Lodge Avenue / Yorkshire Road,2025-08-13 14:42:36,71,LY24EKT|LY24FWS
255,490000012J,Balham Station  / Balham Station Road,2025-08-13 14:47:35,44,LY24EKW|LY24FWP
255,490016323E,South Lodge Avenue / Yorkshire Road,2025-08-13 14:47:35,71,LY24EKT|LY24FWS
255,490016323E,South Lodge Avenue / Yorkshire Road,2025-08-13 14:47:36,71,LY24EKT|LY24FWS
255,490000012J,Balham Station  / Balham Station Road,2025-08-13 14:47:37,44,LY24EKW|LY24FWP
255,490000012J,Balham Station  / Balham Station Road,2025-08-13 14:52:34,44,LY24EKW|LY24FWP
255,490000012J,Balham Station  / Balham Station Road,2025-08-13 14:52:35,44,LY24EKW|LY24FWP
255,490016323E,South Lodge Avenue / Yorkshire Road,2025-08-13 15:32:33,1,LY24EKW|LY24EKV
255,490016323E,South Lodge Avenue / Yorkshire Road,2025-08-13 15:32:33,1,LY24EKW|LY24EKV
77,490014020P,Vauxhall Cross,2025-08-13 15:37:37,43,LF67EXD|YX18KXL
255,490016323E,South Lodge Avenue / Yorkshire Road,2025-08-13 15:37:41,1,LY24EKW|LY24EKV
255,490016323E,South Lodge Avenue / Yorkshire Road,2025-08-13 15:37:43,1,LY24EKW|LY24EKV
77,490014679N,Nine Elms Station,2025-08-13 15:42:32,8,YX18KXL|LF67EXD
77,490008916E,Lambeth Bridge,2025-08-13 15:57:31,16,YX18KXF|YX18KXC
77,490012954Z,St Thomas' Hospital / Evelina London,2025-08-13 15:57:31,80,YX18KXL|LF67EXD
77,490006306C,Earlsfield Station,2025-08-13 16:02:31,70,YX18KXY|YX18KXD
77,490011858N,Salamanca Street,2025-08-13 16:02:31,27,YX18KXC|YX18KXF
77,490011858N,Salamanca Street,2025-08-13 16:07:33,69,YX18KXC|YX18KXF
255,490016323E,South Lodge Avenue / Yorkshire Road,2025-08-13 16:07:36,59,LY24EKU|LY24EKZ
255,490016323E,South Lodge Avenue / Yorkshire Road,2025-08-13 16:07:36,59,LY24EKU|LY24EKZ
77,490008917N,Lambeth Palace,2025-08-13 16:12:32,10,YX18KXC|YX18KXF
255,490016323E,South Lodge Avenue / Yorkshire Road,2025-08-13 16:12:33,59,LY24EKU|LY24EKZ
255,490016323E,South Lodge Avenue / Yorkshire Road,2025-08-13 16:12:33,59,LY24EKU|LY24EKZ
255,490000012J,Balham Station  / Balham Station Road,2025-08-13 16:42:35,81,LY24EKV|LY24EKW
255,490000012J,Balham Station  / Balham Station Road,2025-08-13 16:42:36,81,LY24EKV|LY24EKW
255,490000012J,Balham Station  / Balham Station Road,2025-08-13 16:47:35,73,LY24EKV|LY24EKW
255,490000012J,Balham Station  / Balham Station Road,2025-08-13 16:47:36,73,LY24EKV|LY24EKW
77,490014679N,Nine Elms Station,2025-08-13 17:02:37,86,YW17JUC|BD65EVW
57,490000216C,South Wimbledon Station,2025-08-13 17:32:30,75,LF24ZGV|LF24ZGY
57,490003392W2,Arterberry Road,2025-08-13 17:37:31,62,LF24ZGY|LF24ZGV
255,490000012J,Balham Station  / Balham Station Road,2025-08-13 17:37:36,50,LY24EKT|LY24FWO
255,490000012J,Balham Station  / Balham Station Road,2025-08-13 17:37:40,50,LY24EKT|LY24FWO
57,490004707W,Cambridge Road,2025-08-13 17:42:30,34,LF24ZGV|LF24ZGY
255,490000012J,Balham Station  / Balham Station Road,2025-08-13 17:42:34,50,LY24EKT|LY24FWO
255,490000012J,Balham Station  / Balham Station Road,2025-08-13 17:42:36,50,LY24EKT|LY24FWO
255,490000012J,Balham Station  / Balham Station Road,2025-08-13 17:47:34,81,LY24FWO|LY24EKX
255,490000012J,Balham Station  / Balham Station Road,2025-08-13 17:47:40,81,LY24FWO|LY24EKX
255,490000012J,Balham Station  / Balham Station Road,2025-08-13 17:52:38,81,LY24FWO|LY24EKX
255,490000012J,Balham Station  / Balham Station Road,2025-08-13 17:52:43,81,LY24FWO|LY24EKX
77,490008430W,Huntspill Street,2025-08-13 18:02:32,89,YX18KXL|LF67EXD
255,490000012J,Balham Station  / Balham Station Road,2025-08-13 18:02:34,21,LY24EKV|LY24EKX
255,490000012J,Balham Station  / Balham Station Road,2025-08-13 18:02:37,21,LY24EKV|LY24EKX
77,490004390N,Brocklebank Road,2025-08-13 18:07:38,83,YX18KXL|LF67EXD
255,490016323E,South Lodge Avenue / Yorkshire Road,2025-08-13 18:07:43,29,LY24FWP|LY24EKZ
255,490016323E,South Lodge Avenue / Yorkshire Road,2025-08-13 18:07:44,29,LY24FWP|LY24EKZ
57,490012269E,Southcroft Road / Mitcham Lane,2025-08-13 18:12:29,64,LG23FJN|LF24ZGD
77,490012162E,Silverthorne Road,2025-08-13 18:17:33,78,YX18KXL|LF67EXD
57,490009830G,Merton Abbey,2025-08-13 18:22:32,13,LF24ZKJ|LF24ZKC
57,490013807W,The Polka Theatre,2025-08-13 18:27:33,87,LF24ZKJ|LF24ZKC
77,490010524E,Battersea Arts Centre,2025-08-13 18:27:38,62,YX18KXL|LF67EXD
57,490015472L,Wimbledon Station,2025-08-13 18:32:32,78,LF24ZKJ|LF24ZKC
77,490012162E,Silverthorne Road,2025-08-13 18:32:33,63,YX18KXL|LF67EXD
255,490016323E,South Lodge Avenue / Yorkshire Road,2025-08-13 18:32:35,68,LY24FWO|LY24EKT
255,490016323E,South Lodge Avenue / Yorkshire Road,2025-08-13 18:32:35,68,LY24FWO|LY24EKT
57,490015361W,Lower Downs Road,2025-08-13 18:37:30,66,LF24ZKC|LF24ZKJ
77,490014679N,Nine Elms Station,2025-08-13 18:37:33,86,YX18KXL|LF67EXD
255,490016323E,South Lodge Avenue / Yorkshire Road,2025-08-13 18:37:35,68,LY24FWO|LY24EKT
255,490016323E,South Lodge Avenue / Yorkshire Road,2025-08-13 18:37:35,68,LY24FWO|LY24EKT
57,490006705B,Fairfield Bus Station,2025-08-13 18:42:33,45,LF24ZKC|LF24ZKJ
57,490005800A2,Cromwell Road Bus Station,2025-08-13 18:47:28,84,LF24ZGV|LG23EVF
255,490016323E,South Lodge Avenue / Yorkshire Road,2025-08-13 18:47:35,28,LY24EKX|LY24FWO
255,490016323E,South Lodge Avenue / Yorkshire Road,2025-08-13 18:47:35,28,LY24EKX|LY24FWO
255,490000012J,Balham Station  / Balham Station Road,2025-08-13 18:52:33,27,LY24EKW|LY24FWP
255,490016323E,South Lodge Avenue / Yorkshire Road,2025-08-13 18:52:34,28,LY24EKX|LY24FWO
255,490016323E,South Lodge Avenue / Yorkshire Road,2025-08-13 18:52:34,28,LY24EKX|LY24FWO
255,490000012J,Balham Station  / Balham Station Road,2025-08-13 18:52:34,27,LY24EKW|LY24FWP
255,490016323E,South Lodge Avenue / Yorkshire Road,2025-08-13 18:57:35,28,LY24EKX|LY24FWO
255,490016323E,South Lodge Avenue / Yorkshire Road,2025-08-13 18:57:35,28,LY24EKX|LY24FWO
57,490013664C1,Tiffin School / London Road,2025-08-13 19:02:28,89,LF24ZKC|LF24ZGE
77,490001088B,Penwith Road,2025-08-13 20:12:32,77,YX18KXF|YX18KXC
77,490012997S,Summerstown,2025-08-13 20:17:31,10,YX18KXC|YX18KXF
77,490000234E,Mitcham Road / Tooting Broadway Stn,2025-08-13 20:22:32,3,YX18KXF|YX18KXC
77,490012954B,St Thomas' Hospital,2025-08-13 20:27:31,71,YW17JUC|BD65EVW
77,490013908S,Union Road,2025-08-13 20:32:32,13,YW17JUC|BD65EVW
77,490011858S,Salamanca Street,2025-08-13 20:37:31,54,BD65EVW|YW17JUC
57,490010295E,Norbiton Church,2025-08-13 21:02:28,45,BG59FXF|LF24ZGD
57,490010243W,Atkins Road / New Park Road,2025-08-13 21:02:29,77,LF24ZKJ|LG23EUX
57,490012931W,Streatham Place,2025-08-13 21:07:28,67,LF24ZKJ|LG23EUX
255,490000012J,Balham Station  / Balham Station Road,2025-08-13 21:12:32,17,LY24FWO|LY24FWS
255,490000012J,Balham Station  / Balham Station Road,2025-08-13 21:12:35,17,LY24FWO|LY24FWS
77,490008488N,Inman Road,2025-08-13 21:22:31,53,YX18KXW|YX18KXJ
57,490005234S,Streatham Hill / Christchurch Road,2025-08-13 21:27:29,12,LF24ZKJ|LJ12CHK
77,490004133E,Bolingbroke Grove,2025-08-13 21:27:31,19,YX18KXW|YX18KXJ
57,490003990P,Bickley Street,2025-08-13 21:32:27,58,LF24ZKJ|LJ12CHK
77,490012162E,Silverthorne Road,2025-08-13 21:32:29,64,YX18KXW|YX18KXJ
77,490005678N,Covent Garden Market East Side,2025-08-13 21:37:29,49,YX18KXW|YX18KXJ
77,490011192N,Tinworth Street,2025-08-13 21:42:28,80,YX18KXW|YX18KXJ
77,490005678N,Covent Garden Market East Side,2025-08-13 21:47:30,60,YX18KXW|YX18KXJ
77,490005678X,Covent Garden Market East Side,2025-08-13 22:12:28,25,YX18KXW|YX18KXC
77,490014679S,Nine Elms Station,2025-08-13 22:17:28,17,YX18KXC|YX18KXW
255,490000012J,Balham Station  / Balham Station Road,2025-08-14 07:25:19,64,LY24EKT|LY24EKU
255,490000012J,Balham Station  / Balham Station Road,2025-08-14 07:25:24,64,LY24EKT|LY24EKU
255,490000012J,Balham Station  / Balham Station Road,2025-08-14 07:30:31,64,LY24EKT|LY24EKU
255,490000012J,Balham Station  / Balham Station Road,2025-08-14 07:30:35,64,LY24EKT|LY24EKU
77,490000234M,Tooting Broadway Station,2025-08-14 07:35:34,84,YX18KXS|YX18KWW
255,490016323E,South Lodge Avenue / Yorkshire Road,2025-08-14 07:40:32,28,LY24FWO|LY24FWS
255,490016323E,South Lodge Avenue / Yorkshire Road,2025-08-14 07:40:32,28,LY24FWO|LY24FWS
77,490001088B,Penwith Road,2025-08-14 07:40:35,81,YX18KXS|YX18KWW
255,490016323E,South Lodge Avenue / Yorkshire Road,2025-08-14 07:45:32,28,LY24FWO|LY24FWS
255,490016323E,South Lodge Avenue / Yorkshire Road,2025-08-14 07:45:32,28,LY24FWO|LY24FWS
77,490001296S,Tooting Station,2025-08-14 07:45:35,79,YX18KXS|YX18KWW
255,490000012J,Balham Station  / Balham Station Road,2025-08-14 08:00:31,55,LY24EKT|LY24EKW
255,490000012J,Balham Station  / Balham Station Road,2025-08-14 08:00:31,13,LY24EKV|LY24FWP
255,490000012J,Balham Station  / Balham Station Road,2025-08-14 08:00:33,55,LY24EKT|LY24EKW
255,490000012J,Balham Station  / Balham Station Road,2025-08-14 08:00:33,13,LY24EKV|LY24FWP
57,490012269E,Southcroft Road / Mitcham Lane,2025-08-14 08:10:40,72,LG23EUW|LG23EUZ
57,490010468H8,Nutwell Street,2025-08-14 08:25:37,65,LG23EUZ|LF24ZGT
